Title,Type,Status
3 Body Problem,tv,Already has poster
07-Ghost,tv,Already has poster
The 100,tv,Already has poster
666 Park Avenue,tv,Already has poster
Aashram,tv,Already has poster
Adolescence,tv,Already has poster
Alien: Earth,tv,Already has poster
Amazing Stories,tv,Already has poster
The Apothecary Diaries,tv,Already has poster
Arcane,tv,Already has poster
Arrow,tv,Already has poster
Asur,tv,Already has poster
Attack on Titan,tv,Already has poster
Avatar: The Last Airbender,tv,Already has poster
Bad Cop,tv,Already has poster
Better Call Saul,tv,Already has poster
The Big Bang Theory,tv,Already has poster
Black Butler,tv,Already has poster
Black Clover,tv,Already has poster
Blade,tv,Already has poster
Blade,tv,Already has poster
Blood & Treasure,tv,Already has poster
Blood of Zeus,tv,Already has poster
Breaking Bad,tv,Already has poster
Childhood's End,tv,Already has poster
Constellation,tv,Already has poster
Crackdown,tv,Already has poster
Creepshow,tv,Already has poster
Criminal Justice,tv,Already has poster
Da Vinci's Demons,tv,Already has poster
Dan Da Dan,tv,Already has poster
DC's Legends of Tomorrow,tv,Already has poster
Demon Slayer: Kimetsu no Yaiba,tv,Already has poster
Detective Conan,tv,Already has poster
Devs,tv,Already has poster
Dexter's Laboratory,tv,Already has poster
Dragon Ball Super,tv,Already has poster
Dragons,tv,Already has poster
Earth: Final Conflict,tv,Already has poster
Echo,tv,Already has poster
Elfen Lied,tv,Already has poster
The Expanse,tv,Already has poster
The Falcon and The Winter Soldier,tv,Already has poster
Fallout,tv,Already has poster
The Flash,tv,Already has poster
The Flash (2014),tv,Already has poster
Foundation (2021),tv,Already has poster
Friends,tv,Already has poster
Fringe,tv,Already has poster
FROM,tv,Already has poster
Fullmetal Alchemist: Brotherhood,tv,Already has poster
Gaanth,tv,Already has poster
Game of Thrones,tv,Already has poster
Garmi,tv,Already has poster
The Glory,tv,Already has poster
Gotham,tv,Already has poster
Gyaarah Gyaarah,tv,Already has poster
Halo,tv,Already has poster
Harikatha: Sambhavami Yuge Yuge,tv,Already has poster
Hawkeye (2021),tv,Already has poster
Heroes,tv,Already has poster
High School of the Dead,tv,Already has poster
Hijack,tv,Already has poster
His Dark Materials,tv,Already has poster
House of the Dragon,tv,Already has poster
I Am Groot,tv,Already has poster
The Idol (2023),tv,Already has poster
Inspector Avinash,tv,Already has poster
Inspector Rishi,tv,Already has poster
Invasion (2021),tv,Already has poster
Iron Man (2010),tv,Already has poster
IT: Welcome to Derry,tv,Already has poster
JUJUTSU KAISEN,tv,Already has poster
Just Beyond,tv,Already has poster
Karmma Calling,tv,Already has poster
Khakee: The Bihar Chapter,tv,Already has poster
Khoj: Parchaiyo Ke Uss Paar,tv,Already has poster
The Last of Us,tv,Already has poster
The Legend of Korra,tv,Already has poster
Lioness,tv,Already has poster
Loki,tv,Already has poster
Lucifer,tv,Already has poster
Made For Love,tv,Already has poster
Made in Abyss,tv,Already has poster
Mahabharat,tv,Already has poster
Maharani,tv,Already has poster
Manyu Scroll,tv,Already has poster
Marvel's Agents of S.H.I.E.L.D.,tv,Already has poster
Marvel's Luke Cage,tv,Already has poster
Mashle: Magic and Muscles,tv,Already has poster
Millennium,tv,Already has poster
Mirzapur,tv,Already has poster
The Misfit of Demon King Academy,tv,Already has poster
Monarch: Legacy of Monsters,tv,Already has poster
Moon Knight,tv,Already has poster
Mortal Kombat: Legacy,tv,Already has poster
Mr. Robot,tv,Already has poster
Murder in Mahim,tv,Already has poster
My Hero Academia,tv,Already has poster
Narcos,tv,Already has poster
Next,tv,Already has poster
Night Warriors: DarkStalkers' Revenge,tv,Already has poster
Ninja Kamui,tv,Already has poster
Ninku,tv,Already has poster
Noblesse,tv,Already has poster
One Piece,tv,Already has poster
The Originals,tv,Already has poster
Outer Range,tv,Already has poster
Paatal Lok,tv,Already has poster
Parasyte: The Grey,tv,Already has poster
Peaky Blinders,tv,Already has poster
Percy Jackson and the Olympians,tv,Already has poster
Plunderer,tv,Already has poster
The Powerpuff Girls,tv,Already has poster
Psycho-Pass,tv,Already has poster
Quantico,tv,Already has poster
Ragnarok,tv,Already has poster
Ramayan,tv,Already has poster
Rangbaaz,tv,Already has poster
Ranneeti: Balakot & Beyond,tv,Already has poster
Reacher,tv,Already has poster
Record of Ragnarok,tv,Already has poster
Rick and Morty,tv,Already has poster
The Rising of the Shield Hero,tv,Already has poster
The Rookie,tv,Already has poster
Scam 1992: The Harshad Mehta Story,tv,Already has poster
Secret Invasion,tv,Already has poster
Severance,tv,Already has poster
Shōgun,tv,Already has poster
Silo,tv,Already has poster
Skyfire,tv,Already has poster
Slam Dunk,tv,Already has poster
Smallville,tv,Already has poster
Solo Leveling,tv,Already has poster
Spartacus,tv,Already has poster
Special Ops 1.5: The Himmat Story,tv,Already has poster
Star Wars: Skeleton Crew,tv,Already has poster
Static Shock,tv,Already has poster
Stranger Things,tv,Already has poster
Sunflower,tv,Already has poster
Supernatural,tv,Already has poster
Swamp Thing (2019),tv,Already has poster
Taaza Khabar,tv,Already has poster
Tandav,tv,Already has poster
Teen Titans Go!,tv,Already has poster
Terminator Zero,tv,Already has poster
Terra Formars,tv,Already has poster
Three-Body,tv,Already has poster
ThunderCats,tv,Already has poster
Tokyo Ghoul,tv,Already has poster
Tower of God,tv,Already has poster
Tulsa King,tv,Already has poster
The Twilight Zone (2002),tv,Already has poster
Undead Unluck,tv,Already has poster
Undekhi,tv,Already has poster
Uzumaki,tv,Already has poster
The Vampire Diaries,tv,Already has poster
Vikings,tv,Already has poster
WandaVision,tv,Already has poster
The White Lotus,tv,Already has poster
Wolverine,tv,Already has poster
Wolverine and the X-Men,tv,Already has poster
X-Men,tv,Already has poster
X-Men: The Animated Series,tv,Already has poster
Young Sheldon,tv,Already has poster
Yu Yu Hakusho,tv,Already has poster
Yu-Gi-Oh!,tv,Already has poster
